Title,Link,Time
"Tổng Bí thư, Chủ tịch nước nêu tầm nhìn cho tương lai hòa bình, thịnh vượng",https://vnexpress.net/tong-bi-thu-chu-tich-nuoc-neu-tam-nhin-cho-tuong-lai-hoa-binh-thinh-vuong-4796687.html,2h trước
Trung cấp chính trị,https://vnexpress.net/trung-cap-chinh-tri-4796661.html,N/A
Giá vàng thế giới vẫn tăng,https://vnexpress.net/gia-vang-the-gioi-van-tang-4796683.html,N/A
"Tổng Bí thư, Chủ tịch nước đề nghị IMF hỗ trợ Việt Nam tái cơ cấu kinh tế",https://vnexpress.net/tong-bi-thu-chu-tich-nuoc-de-nghi-imf-ho-tro-viet-nam-tai-co-cau-kinh-te-4796676.html,N/A
Chủ tịch Tân Hoàng Minh xin giảm án trong phiên phúc thẩm,https://vnexpress.net/chu-tich-tan-hoang-minh-xin-giam-an-trong-phien-phuc-tham-4796658.html,N/A
6 năm hối lộ chủ tịch NXB Giáo dục bằng chiêu 'để tiền ở chân bàn',https://vnexpress.net/6-nam-hoi-lo-chu-tich-nxb-giao-duc-bang-chieu-de-tien-o-chan-ban-4796406.html,N/A
Tương quan sức mạnh quân sự Israel - Hezbollah,https://vnexpress.net/tuong-quan-suc-manh-quan-su-israel-hezbollah-4796573.html,N/A
Nhà máy sắp xếp sản xuất để công nhân nghỉ Tết thuận lợi,https://vnexpress.net/nha-may-sap-xep-san-xuat-de-cong-nhan-nghi-tet-thuan-loi-4796115.html,N/A
Đường nối Lâm Đồng - Bình Phước bị sụt lún,https://vnexpress.net/sat-lo-lam-dong-4796702.html,N/A
Bảng giá đất mới có thể đẩy giá nhà lên 15-20%,https://vnexpress.net/bang-gia-dat-moi-co-the-day-gia-nha-len-15-20-4796602.html,N/A
Mở hộp iPhone 16 và 16 Plus chính hãng trước khi bán,https://vnexpress.net/mo-hop-iphone-16-va-16-plus-chinh-hang-truoc-khi-ban-4796664.html,N/A
Hà Anh Tuấn: 'Tôi được sống trọn vẹn với giấc mơ âm nhạc',https://vnexpress.net/ha-anh-tuan-toi-duoc-song-tron-ven-voi-giac-mo-am-nhac-4796502.html,N/A
Hà Nội không bắn pháo hoa dịp 10/10,https://vnexpress.net/ha-noi-khong-ban-phao-hoa-dip-10-10-4796620.html,N/A
Giải cứu thanh niên mắc kẹt giữa sông,https://vnexpress.net/giai-cuu-thanh-nien-mac-ket-giua-song-4796606.html,N/A
Hàng thập kỷ đối đầu giữa Israel và Hezbollah,https://vnexpress.net/hang-thap-ky-doi-dau-giua-israel-va-hezbollah-4796196.html,N/A
Thủ tướng: Phấn đấu hoàn thành sân bay Long Thành năm 2025,https://vnexpress.net/thu-tuong-phan-dau-hoan-thanh-san-bay-long-thanh-nam-2025-4796401.html,N/A
Hà Nội và TP HCM dự kiến xây dựng 580 km đường sắt đô thị đến năm 2035,https://vnexpress.net/ha-noi-va-tp-hcm-du-kien-xay-dung-580-km-duong-sat-do-thi-den-nam-2035-4796645.html,N/A
"Israel không kích thành trì của Hezbollah, hạ sát chỉ huy",https://vnexpress.net/israel-khong-kich-thanh-tri-cua-hezbollah-ha-sat-chi-huy-4796637.html,N/A
Chánh Văn phòng Sở Tài nguyên và Môi trường Lâm Đồng bị bắt,https://vnexpress.net/chanh-van-phong-so-tai-nguyen-moi-truong-lam-dong-bi-bat-4796655.html,N/A
Bộ Xây dựng: Có hiện tượng 'cò' thông đồng bỏ cọc đấu giá đất trục lợi,https://vnexpress.net/bo-xay-dung-co-hien-tuong-co-thong-dong-bo-coc-dau-gia-dat-truc-loi-4796556.html,N/A
Cựu cán bộ địa chính lừa 44 tỷ của 12 người 'lướt sóng' đất Hà Đông,https://vnexpress.net/cuu-can-bo-dia-chinh-lua-44-ty-cua-12-nguoi-luot-song-dat-ha-dong-4796641.html,N/A
Thái Lan thông qua luật công nhận hôn nhân đồng giới,https://vnexpress.net/thai-lan-thong-qua-luat-cong-nhan-hon-nhan-dong-gioi-4796650.html,N/A
Bỏ đề xuất sinh viên không được làm thêm quá 24 giờ mỗi tuần,https://vnexpress.net/bo-de-xuat-sinh-vien-khong-duoc-lam-them-qua-24-gio-moi-tuan-4796489.html,N/A
Tổng thống Iran: Không thể để Lebanon thành Gaza thứ hai,https://vnexpress.net/tong-thong-iran-khong-the-de-lebanon-thanh-gaza-thu-hai-4796619.html,N/A
TP HCM nghiên cứu làm nút giao nối Cần Giờ với cao tốc Bến Lức,https://vnexpress.net/tp-hcm-nghien-cuu-lam-nut-giao-noi-can-gio-voi-cao-toc-ben-luc-4796589.html,N/A
